"source_sheet","source_row","section","item","sub_item","prev_metric","current_metric","activity_this_week","next_plan","completed_date","target_date","target_value","request_notes"
"2026-01-09","11","근거 기반 답변","","","-","-","","","","","0.98399999999999999",""
"2026-01-16","3","답변 수용도","공통","TopK, 검색방식, 답변 프롬프트 등
공통 적용 항목","","","1. Top-30 리랭킹 적용
   Top-30 검색 -> 리랭킹 -> Top-5 추출 (모델: gte-multilingual-reranker-base)
2. 하이브리드 검색
- 키워드 조건 : 원문, 핵심키워드, 도메인(선택)
- 벡터 조건 : 원문, 요약(문서명)
3. RAGAS 평가 방식 적용 및 1차 테스트 
4. RAGAS 신뢰도 평가 JUDGE 프롬프트 구축 및 테스트","1. Knowlegde base Hybrid 검색 방식 변경 테스트
  - 복수의 검색 키워드 토큰 가중치 변경 (searchMode: all)
2. Multi-step Reasoning 테스트 
  - Vector Chunk 추출 후 답변과 연관된 키워드를 먼저 추출하여 Chunk와 답변간 Anchoring
3. Hybrid 검색용 Keyword Extraction Step 추가 테스트
  - 질의로부터 검색을 위한 키워드 추출 후 Hybrid 검색하도록 변경 테스트","","","",""
"2026-01-16","4","답변 수용도","업무 매뉴얼","","","","1. 도메인
    1) 도메인 확장: '상품' 카테고리 정의 및 분류를 위한 키워드 추가
    2) 과다 추출을 제한하는 instruction 추가 
    3) 출력 형식을 강제하는 instruction 추가","1. 프롬프트 공통  Rule Few-shot 학습
  - 키워드 경계 정보 제공 테스트 (LLM이 유사하다 인식하지만 실제 다른 항목 Fewshot)
2. Context 정보 추출 Instruction Prompting
  - 업무 매뉴얼 내 예외/제외 조건 필수 포함 지시 (예: 단, 반드시, 예외, 만 해당 등)
3. 답변 예시 Few-shot 학습
  - 다빈도 패턴 질문에 대해 좋은 답변/나쁜 답변 제시 테스트
4. 질의 유형 In-prompt Soft routing 테스트
  - 프롬프트 내에서 질의 유형 분류 후 답변 유도 테스트
5. 질병 분류 정보 Anchoring 테스트
  - 질별 정보에 대한 정의 질문 시 반드시 연결해야 하는 Chunk 지정","","","",""
"2026-01-16","5","답변 수용도","PC 매뉴얼","","","","","1. 지식 베이스 간 정보 혼선 여부 기본 테스트
  - 답변 수행시 다른 지식 베이스(예: 업무매뉴얼)의 Chunk에 의한 답변 실패 영향도 분석","","","",""
"2026-01-16","6","답변 수용도","상담스크립트","","","","","1. 데이터 기본 분석 수행
  - Chunk 내 데이터에 대한 기본 분석","","","",""
"2026-01-16","7","답변 수용도","상품매뉴얼","","","","","1. 데이터 기본 분석 수행
  - Chunk 내 데이터에 대한 기본 분석","","","",""
"2026-01-16","8","답변 수용도","사업방법서","","","","","1. 데이터 기본 분석 수행
  - Chunk 내 데이터에 대한 기본 분석","","","",""
"2026-01-16","9","답변 수용도","약관","","","","","1. 상품간 약관 정보 유사도 분석","","","","API 입력값에 약관 Id가 같이 들어올 수 있도록 AI CSR과 논의 요청"
"2026-01-16","10","답변 수용도","멀티턴 답변","","","","","1. LLM
- 멀티턴 개수 확정","","","","멀티턴 학습 질답세트 제공 요청"
"2026-01-16","11","답변 수용도","예측질의 답변","","","","","","","","","예측질의 학습 질답 세트 제공 요청"
"2026-01-16","12","답변 수용도","유도질의 답변","","","","","","","","","유도질의 학습 질답 세트 제공 요청"
"2026-01-23","3","답변","공통","TopK, 검색방식, 답변 프롬프트 등
공통 적용 항목","","","1. Knowlegde base Hybrid 검색 방식 변경 테스트
  - 복수의 검색 키워드 토큰 가중치 변경 (searchMode: all)
2. Multi-step Reasoning 테스트 
  - Vector Chunk 추출 후 답변과 연관된 키워드를 먼저 추출하여 Chunk와 답변간 Anchoring
3. Hybrid 검색용 Keyword Extraction Step 추가 테스트
  - 질의로부터 검색을 위한 키워드 추출 후 Hybrid 검색하도록 변경 테스트
4. BGE-reranker-v2-m3 모델 성능 테스트
  - (업무매뉴얼 704건 기준) Top40->5 : 92.05%","1.Knowledge base Hybrid 검색 방식 변경 테스트 (2차 약관, 상품매뉴얼 대상)
  - searchMode all/any 관련 각 케이스별 테스트 수행
2. Rerank 시 Score의 급격한 하락 원인 분석 및 개선
   (qwen3 rerank 모델 기반)
3. 자동화 테스트를 위해 각 질문별 정답 Chunk_id 자동 수집 모듈 구현
   - 전체 케이스 Manually 검색 예정
   - 본문 내용 캐싱 후 Vector DB 변경시 캐시 기반으로 정답 Chunk_id 갱신 모듈 개발","","","",""
"2026-01-23","4","답변","업무 매뉴얼","","","","1. 프롬프트 공통  Rule Few-shot 학습
  - 키워드 경계 정보 제공 테스트 (LLM이 유사하다 인식하지만 실제 다른 항목 Fewshot)
2. Context 정보 추출 Instruction Prompting
  - 업무 매뉴얼 내 예외/제외 조건 필수 포함 지시 (예: 단, 반드시, 예외, 만 해당 등)
3. 답변 예시 Few-shot 학습
  - 다빈도 패턴 질문에 대해 좋은 답변/나쁜 답변 제시 테스트
4. 질의 유형 In-prompt Soft routing 테스트
  - 프롬프트 내에서 질의 유형 분류 후 답변 유도 테스트
5. 질병 분류 정보 Anchoring 테스트
  - 질별 정보에 대한 정의 질문 시 반드시 연결해야 하는 Chunk 지정","1. 보험 약어 등 용어집을 활용 Query Expansion 확장
2. 확장된 Prompt 축소 실험
   (프롬프트의 역할 및 행동을 유지하면서 프롬프트를 줄이는 방안 연구)","","","","27개 도메인 분류 중 22개 분류만 데이터 적재 시 메타로 사용되어서 5개는 현재 제외해서 검색을 해야함"
"2026-01-23","5","답변","PC 매뉴얼","","","","1. 지식 베이스 간 정보 혼선 여부 기본 테스트
  - 답변 수행시 다른 지식 베이스(예: 업무매뉴얼)의 Chunk에 의한 답변 실패 영향도 분석","1. RAG(검색)
- (1안) PC매뉴얼 -> 각 이미지별 요약 설명 추가
- (2안) 예시 질문 -> 핵심키워드 추출 -> 키워드 메타 보강
- (3안) 예시 질문 데이터 증강 -> 모델학습을 통한 질문-문서 분류기 적용","","","",""
"2026-01-23","6","답변","상담스크립트","","","","1. 데이터 기본 분석 수행
  - Chunk 내 데이터에 대한 기본 분석","1. 상담 스크립트 용 별도 Query Expansion 테스트
  - 질의 키워드와 대화 내용 간의 유사성 증대 방안 테스트","","","",""
"2026-01-23","7","답변","상품매뉴얼","","","","1. 데이터 기본 분석 수행
  - Chunk 내 데이터에 대한 기본 분석","1. 답변 생성 프롬프트 내 Hallucination 절감 위한 제약 조건 Prompt 테스트
  - 문서 검색율에 비해 잘못된 정보 발화율 높은 이유 연구 및 개선 작업
  - 업무 매뉴얼의 정보에 의해 오염되는 것으로 예측","","","",""
"2026-01-23","8","답변","사업방법서","","","","1. 데이터 기본 분석 수행
  - Chunk 내 데이터에 대한 기본 분석","1. 데이터 기본 분석
  - Baseline 정확도 재검 및 실패 사례 분석","","","",""
"2026-01-23","9","답변","약관","","","","1. 상품간 약관 정보 유사도 분석","1. 답변 생성 프롬프트 내 Hallucination 절감 위한 제약 조건 Prompt 테스트
  - 문서 검색율에 비해 잘못된 정보 발화율 높은 이유 연구 및 개선 작업
  - 업무 매뉴얼의 정보에 의해 오염되는 것으로 예측","","","","API 입력값에 약관 Id가 같이 들어올 수 있도록 AI CSR과 논의 요청"
"2026-01-23","10","답변","멀티턴 답변","","","","1. LLM
- 멀티턴 개수 확정","1. 학습 및 검증세트 수급","","","","멀티턴 학습 질답세트 제공 요청"
"2026-01-23","11","답변","예측질의 답변","","","","","1. 학습 및 검증세트 수급","","","","예측질의 학습 질답 세트 제공 요청"
"2026-01-23","12","답변","유도질의 답변","","","","","1. 학습 및 검증세트 수급","","","","유도질의 학습 질답 세트 제공 요청"
"2026-01-30","7","답변","공통","TopK, 검색방식, 답변 프롬프트 등
공통 적용 항목","","","1.Knowledge base Hybrid 검색 방식 변경 테스트 (2차 약관, 상품매뉴얼 대상)
  - searchMode all/any 관련 각 케이스별 테스트 수행
2. Rerank 시 Score의 급격한 하락 원인 분석 및 개선
   (qwen3 rerank 모델 기반)
3. 자동화 테스트를 위해 각 질문별 정답 Chunk_id 자동 수집 모듈 구현
   - 전체 케이스 Manually 검색 예정
   - 본문 내용 캐싱 후 Vector DB 변경시 캐시 기반으로 정답 Chunk_id 갱신 모듈 개발","1. 업무 매뉴얼 이외에 상품매뉴얼, PC 매뉴얼 등의 Chunk를 통합 Rerank 테스트","","","",""
"2026-01-30","8","답변","업무 매뉴얼","","","","1. 보험 약어 등 용어집을 활용 Query Expansion 확장
2. 확장된 Prompt 축소 실험
   (프롬프트의 역할 및 행동을 유지하면서 프롬프트를 줄이는 방안 연구)","1. 문서 내 오타 및 표현 방식 개선 방안 수립
2. 확장된 Prompt 축소 실험
   (프롬프트의 역할 및 행동을 유지하면서 프롬프트를 줄이는 방안 연구)","","","","27개 도메인 분류 중 22개 분류만 데이터 적재 시 메타로 사용되어서 5개는 현재 제외해서 검색을 해야함"
"2026-01-30","9","답변","PC 매뉴얼","","","","1. RAG(검색)
- (1안) PC매뉴얼 -> 각 이미지별 요약 설명 추가
- (2안) 예시 질문 -> 핵심키워드 추출 -> 키워드 메타 보강
- (3안) 예시 질문 데이터 증강 -> 모델학습을 통한 질문-문서 분류기 적용","1. RAG(검색)
- (1안) PC매뉴얼 -> 각 이미지별 요약 설명 추가
- (2안) 예시 질문 -> 핵심키워드 추출 -> 키워드 메타 보강
- (3안) 예시 질문 데이터 증강 -> 모델학습을 통한 질문-문서 분류기 적용","","","",""
"2026-01-30","10","답변","상담스크립트","","","","1. 상담 스크립트 용 별도 Query Expansion 테스트
  - 질의 키워드와 대화 내용 간의 유사성 증대 방안 테스트","1. 상담스크립트 Workflow 별도 분리 테스트","","","",""
"2026-01-30","11","답변","상품매뉴얼","","","","1. 답변 생성 프롬프트 내 Hallucination 절감 위한 제약 조건 Prompt 테스트
  - 문서 검색율에 비해 잘못된 정보 발화율 높은 이유 연구 및 개선 작업
  - 업무 매뉴얼의 정보에 의해 오염되는 것으로 예측","1. 상품명 기반 질의 Routing
  - 상품명이 질의 내에 있을 경우 상품 매뉴얼 Chunk의 Score 향상","","","",""
"2026-01-30","12","답변","사업방법서","","","","1. 데이터 기본 분석
  - Baseline 정확도 재검 및 실패 사례 분석","1. 기본 답변 프롬프트 개선 방향 수립
  - 업무 매뉴얼과의 영향도 분석","","","",""
"2026-01-30","13","답변","약관","","","","1. 답변 생성 프롬프트 내 Hallucination 절감 위한 제약 조건 Prompt 테스트
  - 문서 검색율에 비해 잘못된 정보 발화율 높은 이유 연구 및 개선 작업
  - 업무 매뉴얼의 정보에 의해 오염되는 것으로 예측","1. 기본 답변 프롬프트 개선 방향 수립
  - 업무 매뉴얼과의 영향도 분석","","","","API 입력값에 약관 Id가 같이 들어올 수 있도록 AI CSR과 논의 요청"
"2026-01-30","14","답변","멀티턴 답변","","","","1. 학습 및 검증세트 수급","1. 데이터 기본 분석
  - Baseline 정확도 재검 및 실패 사례 분석","","","",""
"2026-01-30","15","답변","예측질의 답변","","","","1. 학습 및 검증세트 수급","1. 학습 및 검증세트 수급","","","","예측질의 학습 질답 세트 제공 요청"
"2026-01-30","16","답변","유도질의 답변","","","","1. 학습 및 검증세트 수급","1. 학습 및 검증세트 수급","","","","유도질의 학습 질답 세트 제공 요청"
"2026-02-06","7","답변","공통","TopK, 검색방식, 답변 프롬프트 등
공통 적용 항목","","","1. 업무 매뉴얼 이외에 상품매뉴얼, PC 매뉴얼 등의 Chunk를 통합 Rerank 테스트","","","","",""
"2026-02-06","8","답변","업무 매뉴얼","","","","1. 문서 내 오타 및 표현 방식 개선 방안 수립
2. 확장된 Prompt 축소 실험
   (프롬프트의 역할 및 행동을 유지하면서 프롬프트를 줄이는 방안 연구)","","","","","27개 도메인 분류 중 22개 분류만 데이터 적재 시 메타로 사용되어서 5개는 현재 제외해서 검색을 해야함"
"2026-02-06","9","답변","PC 매뉴얼","","","","1. RAG(검색)
- (1안) PC매뉴얼 -> 각 이미지별 요약 설명 추가
- (2안) 예시 질문 -> 핵심키워드 추출 -> 키워드 메타 보강
- (3안) 예시 질문 데이터 증강 -> 모델학습을 통한 질문-문서 분류기 적용","","","","",""
"2026-02-06","10","답변","상담스크립트","","","","1. 상담스크립트 Workflow 별도 분리 테스트","","","","",""
"2026-02-06","11","답변","상품매뉴얼","","","","1. 상품명 기반 질의 Routing
  - 상품명이 질의 내에 있을 경우 상품 매뉴얼 Chunk의 Score 향상","","","","",""
"2026-02-06","12","답변","사업방법서","","","","1. 기본 답변 프롬프트 개선 방향 수립
  - 업무 매뉴얼과의 영향도 분석","","","","",""
"2026-02-06","13","답변","약관","","","","1. 기본 답변 프롬프트 개선 방향 수립
  - 업무 매뉴얼과의 영향도 분석","","","","","API 입력값에 약관 Id가 같이 들어올 수 있도록 AI CSR과 논의 요청"
"2026-02-06","14","답변","멀티턴 답변","","","","1. 데이터 기본 분석
  - Baseline 정확도 재검 및 실패 사례 분석","","","","",""
"2026-02-06","15","답변","예측질의 답변","","","","1. 학습 및 검증세트 수급","","","","","예측질의 학습 질답 세트 제공 요청"
"2026-02-06","16","답변","유도질의 답변","","","","1. 학습 및 검증세트 수급","","","","","유도질의 학습 질답 세트 제공 요청"
"2026-02-13","7","답변","공통","TopK, 검색방식, 답변 프롬프트 등
공통 적용 항목","","","1. WM+PM+TS+BM 통합 Rerank 노드 추가
  : 정밀도 향상을 위한 기반 환경 구축
  --> 정답 순위가 낮아짐에 따라 정확도 2% 가량 상승

2. 문서 종류 (WM, PM, TS, BM) 간 유사도 Score 표준화
  : 업무매뉴얼이 다수의 검색 단계를 거치다보니 곱셈에 의해 낮은 점수 형성
  : 업무매뉴얼의 순위를 높이면서 타 문서 종류에 영향을 주지 않도록 표준화
  --> 업무 매뉴얼의 낮은 순위로 인해 발생된 오류 건 정답 전환율 1.5% 내외

3. 최종 통합 Rerank 노드 추가 : 최종 Top-k 20으로 감소
  --> 정밀도 향상, 정확도 변화 미미
4. Two-stage reasoning 제거 : 프롬프트 엔지니어링으로 커버링 --> 응답 시간 감소","1. Rerank 모델 교체 --> BGE-m2 Rerank 모델 

2. 통합 Rerank 노드 Top-k 변경 실험
  : 정답 Chunk 순위 향상에 따라 낮은 순위의 Chunk 절삭

3. 응답 속도 개선 실험
  : 핵심 정보 추출 노드 제거 --> LLM 호출 횟수 절감, 응답속도 개선

4. (현업 요청사항) 답변 생성 출처 및 근거 생성 위한 Workflow 변경 실험
  - Qwen3 가 답변을 만들어낸 논리적 이유 및 참고 Chunk 추출 실험","02월 13일","02월 27일","",""
"2026-02-13","8","답변","업무 매뉴얼","","","","1. 프롬프트 단순화,추상화
  --> 응답 속도 향상, 정확도 변화 미미, 추가 프롬프트 엔지니어링 수행을 위한
       프롬프트 추가 변경 공간 확보
2. Chunk Attention 엔지니어링 실험
  - 모든 Chunk를 순회하며 해당 Chunk가 질문에 대한 답변을 찾을 수 있는지
    프롬프트에서 Top3 검출, Top3를 주로 이용하도록 지시 프롬프팅","1. Chunk Retrieve 개수 정리 (15건으로 줄이기)
  - 정답 Chunk의 Context Windows 에 등록된 순위 상승 유도, 답변 개선 예상
2.","02월 13일","02월 27일","","27개 도메인 분류 중 22개 분류만 데이터 적재 시 메타로 사용되어서 5개는 현재 제외해서 검색을 해야함"
"2026-02-13","9","답변","PC 매뉴얼","","","","1. PC 매뉴얼 RAG 정확도 향상을 위한 파라미터 조정
  - 기본 70% 정확도 도출
  --> PC 매뉴얼의 프롬프트 개선 작업 통해 LLM Judge 기준 70% 가량 진행","1. RAG 매칭율 향상을 위해 PC 매뉴얼의 Hybrid Search 기능 테세트","02월 13일","02월 27일","",""
"2026-02-13","10","답변","상담스크립트","","","","1. 상담 스크립트 용 별도 Query Expansion 테스트
  - 질의 키워드와 대화 내용 간의 유사성 증대 방안 테스트
  --> 실패, 전체적으로 성능 향상이 기대에 미치지 못하고 3~4% 증감","1. (관련 Vector Database 사용 경험 없는 인월) 키워드 검색(BM25) 만 활용하여
   응답 순위 향상 및 정밀도 향상

2. 상담 스크립트를 RAG 없이 도메인 분류 프롬프트와 유사한 분류 문제로 90% 이상 달성 목표","02월 13일","02월 27일","",""
"2026-02-13","11","답변","상품매뉴얼","","","","1. 상품명 기반 질의 Routing
  - 상품명이 질의 내에 있을 경우 상품 매뉴얼 Chunk의 Score 향상","1. Baseline 프롬프트 응답 관련 인수인계 수행 (김기태 Role out)","02월 13일","02월 27일","",""
"2026-02-13","12","답변","사업방법서","","","","1. 기본 답변 프롬프트 개선 방향 수립  (Workflow3.8.26)
  - 업무 매뉴얼과의 영향도 분석","1. 기본 답변 프롬프트 개선 방향 수립
  - 업무 매뉴얼과의 영향도 분석","02월 13일","02월 27일","",""
"2026-02-13","13","답변","약관","","","","1. 기본 답변 프롬프트 개선 방향 수립
  - 업무 매뉴얼과의 영향도 분석","1. 기본 답변 프롬프트 개선 방향 수립
  - 업무 매뉴얼과의 영향도 분석","","02월 27일","","API 입력값에 약관 Id가 같이 들어올 수 있도록 AI CSR과 논의 요청"
"2026-02-13","14","답변","멀티턴 답변","","","","1. 학습 및 검증세트 수급","1. 데이터 기본 분석
  - Baseline 정확도 재검 및 실패 사례 분석","","02월 27일","",""
"2026-02-13","15","답변","예측질의 답변","","","","1. 학습 및 검증세트 수급","1. 학습 및 검증세트 수급","","02월 27일","","예측질의 학습 질답 세트 제공 요청"
"2026-02-13","16","답변","유도질의 답변","","","","1. 학습 및 검증세트 수급","1. 학습 및 검증세트 수급","","02월 27일","","유도질의 학습 질답 세트 제공 요청"
"2026-02-27","7","답변","공통","TopK, 검색방식, 답변 프롬프트 등
공통 적용 항목","","","1. Azure AI Search 내 한글 형태소 분석기 적용 & Top-5 조정
  - 적용된 분석기 : ko.microsoft - Nori
  - 성과 : Lexical 검색 정확도향상
             RAG Top-K 를 5까지 낮추고 정답률 진행 시 기존과 유사한 결과 획득
2. Rerank 모델 교체  --> BGE-m2 Rerank 모델","1. Re Rank 시 발생하는 데이터 품질/노이즈 체크
  - 정답 데이터 Top-K 랭킹 진입여부 검토
2. Lexical + Vector 비중 변경 테스트
  - 4개 검색 필드 조합별 Case 테스트 추가 진행
  - 최적 weight 조합 재산정","02월 27일","03월 06일","",""
"2026-02-27","8","답변","업무 매뉴얼","","","","1. Self-Consistency 3회 수행 
  - 장점 : 82.48% 정확도 달성
  - 단점 : 3회 SLM 수행으로 인해 응답속도 저하, Streaming 불가
  - 처리 : 비기능 요건으로 인해 회귀 처리
  - Insight : Qwen3-30b-a3b 모델의 성능 향상을 위한 FT 진행 시작 필요
2. Original 문서 업데이트 
  - 축약 표현을 자연어 문장 형태로 풀어서 Rewrite
  - 변경한 문서의 정답 전환율은 50% 정도 향상되었으나 오류 회귀 건수가 증가
  - 추가 실험 필요","1. Original 문서 업데이트 
  - 답변 오류 항목만 Rewrite 하지 않고, 전체 Chunk의 Rewrite 시도
2. 약어 사전 적용 테스트
3. 현업 Feedback 결과 분석 및 반영
4. RLHF 활용 Fine tuning 환경 수립","02월 27일","03월 06일","","27개 도메인 분류 중 22개 분류만 데이터 적재 시 메타로 사용되어서 5개는 현재 제외해서 검색을 해야함"
"2026-02-27","9","답변","PC 매뉴얼","","","","1. RAG 매칭율 향상을 위해 PC 매뉴얼의 Hybrid Search 기능 테스트
  - 기존 방식 : 문서명 기반 유사도 측정
  - 신규 방식 : important_cs[0] (상세 설명) + important_cs[1] (요약) 활용 Vector 검색
  - 성과 : 문서 Matching 율 하락 
  - 원인 파악 진행 중","1. RAG 매칭율 향상을 위해 Hybrid Search 기능 테스트
  - chunk_with_weight 제외 후 Hybrid Search 진행 테스트","02월 27일","03월 06일","",""
"2026-02-27","10","답변","상담스크립트","","","","1. 스크립트별 목적 자동 생성 후 매칭에 활용
  - 배경 : 스크립트 사용 목적 항목은 이미 Chunk에 있음에도 불구하고 Matching이 안됨
  - 시도 : GPTOSS-120b를 이용하여 스크립트 내용을 보고 자동으로 목적 추가
  - 결과 : Matching율이 기존과 유사. 효과 없는 것으로 판단되어 원상 복구
  - 원인 : 스크립트별로 따로 분석을 하니 유사한(조건만 다른 경우) 스크립트의 목적을 
             동일하게 입력하여 오히려 노이즈 발생","1. 스크립트별 목적 자동 생성 후 매칭에 활용
  - 전체 스크립트를 Rule Based로 분류하고 
    목적이 겹치지 않도록 조정하는 프로그램 테스트
  - 단점 : 향후 운영 시 관리자가 상담 스크립트를 등록할 때 기존에 동일한 목적이 
            있었는지 확인을 반드시 선행해야 함.","02월 27일","03월 06일","",""
"2026-02-27","11","답변","상품매뉴얼","","","","1. 질의 내 상품명 추출 후 검색 키워드로 활용
  - 시도 : 상품명 키워드(docnm_kwd) + 원본 질문(Content_with_weight + Vector)
  - 결과 : 10% 가량 정확도 상승
  - 추가 고려사항 : 상품 매칭 실패 시 Fallback 처리 방안 필요","1. 형태소 분석 활용 BM25 검색 추가 --> Hybrid 검색 시도","02월 27일","03월 06일","",""
"2026-02-27","12","답변","사업방법서","","","","1. 기본 답변 프롬프트 개선 방향 수립
  - 업무 매뉴얼과의 영향도 분석","1. 기본 답변 프롬프트 개선 방향 수립
  - 업무 매뉴얼과의 영향도 분석","02월 27일","03월 06일","",""
"2026-02-27","13","답변","약관","","","","1. 기본 답변 프롬프트 개선 방향 수립
  - 업무 매뉴얼과의 영향도 분석","1. 기본 답변 프롬프트 개선 방향 수립
  - 업무 매뉴얼과의 영향도 분석","02월 27일","03월 06일","","API 입력값에 약관 Id가 같이 들어올 수 있도록 AI CSR과 논의 요청"
"2026-02-27","14","답변","멀티턴 답변","","","","1. 학습 및 검증세트 수급","멀티턴 테스트 환경 구성","02월 27일","03월 06일","",""
"2026-02-27","15","답변","예측질의 답변","","","","1. 학습 및 검증세트 수급","1. 학습 및 검증세트 수급","02월 27일","03월 06일","","예측질의 학습 질답 세트 제공 요청"
"2026-02-27","16","답변","유도질의 답변","","","","1. 학습 및 검증세트 수급","1. 학습 및 검증세트 수급","02월 27일","03월 06일","","유도질의 학습 질답 세트 제공 요청"
"2026-03-06","7","답변","공통","TopK, 검색방식, 답변 프롬프트 등
공통 적용 항목","","","1. Re Rank 시 발생하는 데이터 품질/노이즈 체크
  - 정답 데이터 Top-K 랭킹 진입여부 검토
2. Lexical + Vector 비중 변경 테스트
  - 4개 검색 필드 조합별 Case 테스트 추가 진행
  - 최적 weight 조합 재산정","","03월 06일","","",""
"2026-03-06","8","답변","업무 매뉴얼","","","","1. Original 문서 업데이트 
  - 답변 오류 항목만 Rewrite 하지 않고, 전체 Chunk의 Rewrite 시도
2. 약어 사전 적용 테스트
3. 현업 Feedback 결과 분석 및 반영
4. RLHF 활용 Fine tuning 환경 수립","","03월 06일","","","27개 도메인 분류 중 22개 분류만 데이터 적재 시 메타로 사용되어서 5개는 현재 제외해서 검색을 해야함"
"2026-03-06","9","답변","PC 매뉴얼","","","","1. RAG 매칭율 향상을 위해 Hybrid Search 기능 테스트
  - chunk_with_weight 제외 후 Hybrid Search 진행 테스트","","03월 06일","","",""
"2026-03-06","10","답변","상담스크립트","","","","1. 스크립트별 목적 자동 생성 후 매칭에 활용
  - 전체 스크립트를 Rule Based로 분류하고 
    목적이 겹치지 않도록 조정하는 프로그램 테스트
  - 단점 : 향후 운영 시 관리자가 상담 스크립트를 등록할 때 기존에 동일한 목적이 
            있었는지 확인을 반드시 선행해야 함.","","03월 06일","","",""
"2026-03-06","11","답변","상품매뉴얼","","","","1. 형태소 분석 활용 BM25 검색 추가 --> Hybrid 검색 시도","","03월 06일","","",""
"2026-03-06","12","답변","사업방법서","","","","1. 기본 답변 프롬프트 개선 방향 수립
  - 업무 매뉴얼과의 영향도 분석","","03월 06일","","",""
"2026-03-06","13","답변","약관","","","","1. 기본 답변 프롬프트 개선 방향 수립
  - 업무 매뉴얼과의 영향도 분석","","03월 06일","","","API 입력값에 약관 Id가 같이 들어올 수 있도록 AI CSR과 논의 요청"
"2026-03-06","14","답변","멀티턴 답변","","","","멀티턴 테스트 환경 구성","","03월 06일","","",""
"2026-03-06","15","답변","예측질의 답변","","","","1. 학습 및 검증세트 수급","","03월 06일","","","예측질의 학습 질답 세트 제공 요청"
"2026-03-06","16","답변","유도질의 답변","","","","1. 학습 및 검증세트 수급","","03월 06일","","","유도질의 학습 질답 세트 제공 요청"
"2026-03-13","7","답변","공통","TopK, 검색방식, 답변 프롬프트 등
공통 적용 항목","","","1. 정답 데이터 청크 매칭
- 각 카테고리별 정답지의 Chunk_id를 골든셋 기준으로 매칭 및 검증
2. 데이터 확인 및 비교
- 기존 정답지와 골든셋 간 데이터 정합성 비교
- 불일치 항목 식별 및 정리
3. 프롬프트 정확도 개선 실험
- 단순 및 복합 프롬프트 Ablation 테스트: 포지티브/네거티브, 지시 등의 프롬프트 단일 및 결합 테스트
4. RAG 검색 개선
- Hybrid Search + Reranker + 청크 최적화
- Query Expansion 테스트
- Context Refinement: LLM 스코어링 → 상위 1~3개 필터 테스트, 노이즈 제거 및 정제된 컨텍스트로 답변 품질 향상
5. Qwen3-30B 모델 튜닝
- GPU #6 학습 전용 환경 구축
- SFT 학습 데이터 설계 (6개 카테고리 2,608건)
- Unsloth Attention/MoE fused 커널 기반 학습 착수
- DPO/ORPO 페어 데이터 설계
- Thinking Mode 해결: <think> 태그 출력 이슈 근본 해결로 Dify Structured Output 안정성 확보
- MoE Expert 도메인 특화: 128개 Expert 중 활성 Expert의 가중치를 보험 도메인에 맞게 미세조정
6. 오답노트 작성
- 카테고리별 오답 케이스 분석 및 원인 정리
- 오답 유형 패턴 분류 (검색 실패 / 문서 매칭 실패 / 답변 생성 오류)","1. SFT 최적 모델 확정 (LlamaFactory vs Unsloth 비교)
2. DPO 학습 실행 (beta=0.1, 선호도 학습)
3. ORPO 학습 실행 (Ref 모델 불필요, VRAM 절약)
4. SimPO 추가 실험
5. 6개 카테고리 2,608건 전수 평가
6. Phase 1 KPI 판정 (WM≥85%, 전체≥80%)
- LLM 전환율 74% → 목표 85%+
- 프롬프트 최적화 한계 도달 후 모델 자체 능력 개선으로 도메인 특화 답변 생성 강화
- 오답률 20.3% → 목표 10% 이하: 도메인 용어/패턴/보험 약관 구조를 모델 가중치에 직접 학습
- 소답률 2.1% → 목표 1.5%: 필요 정보 누락 감소
- 환각 거절 능력 확보: Negative 샘플 학습으로 검색 실패 시 ""정보 없음"" 응답 생성
- MoE Expert 도메인 특화: 128개 Expert 중 활성 Expert의 가중치를 보험 도메인에 맞게 미세조정
7. RAG 검색 개선
- Hybrid Search + Reranker + 청크 최적화
- Query Expansion 테스트
- Context Refinement: LLM 스코어링 → 상위 1~3개 필터 테스트, 노이즈 제거 및 정제된 컨텍스트로 답변 품질 향상","03월 13일","03월 20일","",""
"2026-03-13","8","답변","업무 매뉴얼","","","","1. P1 복합 프롬프트 → 72~73% 목표
2. CR 파이프라인 적용 → 75%+ 목표
- Context Refinement: Qwen3-30B 청크 스코어링 → 7점+ 필터 → Top 1~3개
- Self-Verification: 답변 후 검증 LLM → 근거 불일치 시 재생성
3. Qwen3-30B 모델 튜닝 착수
- SFT 학습 데이터 설계 및 구축 (WM 704건)
- H200 환경 구성 및 학습 파이프라인 세팅
- Unsloth SFT 학습 (3 epoch, rank=64, MoE Expert LoRA, 공식 벤치마크 ~0.4s/step)
- LlamaFactory SFT 학습 (rank=32, attention-only, ~45s/step)
4. 오류 유형별 DPO 페어 데이터 설계
5. 튜닝 모델 A/B 비교 평가
- LlamaFactory vs Unsloth 모델 vLLM 서빙 (TP=2) + 704건 테스트
- 베이스라인 대비 효과 측정
6. DPO 학습 착수 (금요일)","1. SFT 결과 기반 DPO 페어 데이터 생성
2. DPO/ORPO 학습 실행
3. 튜닝 모델 704건 전수 평가
4. Base vs Tuned 비교 리포트
--
1. WM 정확도 71.9% → 85%+ (Phase 1 목표): 절차/단계 기반 답변 패턴 직접 학습으로 가장 큰 폭 개선 기대
2. 오답 143건 → 70건 이하: 업무 절차 순서/조건 분기 오류 감소
3. Context Refinement + 튜닝 시너지: CR 파이프라인이 상위 청크만 필터 → 튜닝 모델이 정제된 컨텍스트에서 정확 답변 생성
4. 학습 속도 100x+ 향상: Unsloth MoE fused 커널 (~0.4s/step) vs LlamaFactory (~45s/step), 총 학습 시간 2.5시간 → ~15분","03월 13일","03월 20일","","27개 도메인 분류 중 22개 분류만 데이터 적재 시 메타로 사용되어서 5개는 현재 제외해서 검색을 해야함"
"2026-03-13","9","답변","PC 매뉴얼","","","","1. 미매칭 케이스 원인 분석
- 문서 미검색 vs 다른 문서 매칭 유형 분류
- Reference 정확성 재검증
- 정답지 데이터에 없던 항목의 Reference 확인","1. PC 카테고리 SFT 포함 평가
2. 미매칭 원인별 개선 방안 적용
--
1. PC 77.5% → 85%+: 시스템 화면 기반 답변의 정형화된 패턴 학습
2. 미매칭 원인 파악으로 검색 품질 개선 방향 도출: 문서 미검색 vs 매칭 오류 구분으로 검수 테스트","03월 13일","03월 20일","",""
"2026-03-13","10","답변","상담스크립트","","","","1. 매칭 케이스 실제 정답 분석
- 문서 매칭은 되었으나 정답 여부 유형 분류","","03월 13일","03월 20일","",""
"2026-03-13","11","답변","상품매뉴얼","","","","1. 검색 정확도 개선
   - 검색 실패 원인 분석
   - 검색 품질 개선 방안 수립","1. 검색 실패 원인 분석
2. 검색 품질 개선 방안 수립
3. 튜닝 모델 평가 (305건)
--
1. PM 51.1% → 65%+: 현재 가장 낮은 정확도 카테고리. 검색 실패 높음 → 검색 개선이 우선이나 모델 튜닝으로 찾은 문서 활용도 향상 기대
2. 상품 조건/특약 구조 학습: 복잡한 보험 상품 조건 분기 패턴 학습","03월 13일","03월 20일","",""
"2026-03-13","12","답변","사업방법서","","","","1. 실패 케이스 유형 분류
- 검색 실패 (문서를 못 찾는 경우) 
- 답변 생성 오류 (문서는 찾았으나 답변이 틀린 경우)
2. 답변 생성 프롬프트 개선 검토","1. 실패 케이스 유형 분류
- 검색 실패 (문서를 못 찾는 경우) 
- 답변 생성 오류 (문서는 찾았으나 답변이 틀린 경우)
2. 답변 생성 프롬프트 개선 검토
--
1. BM 69.7% → 80%+: 보험 약관 기반 정확 답변 생성 능력 강화
2. 실패 유형 분류로 정밀 대응: 검색 실패(인덱스/청크 문제)와 답변 생성 오류(LLM 능력 문제) 구분하여 각각 최적 해결","03월 13일","03월 20일","",""
"2026-03-13","13","답변","약관","","","","1. 답변 품질 개선 분석
- 문서는 정확히 찾으나 답변이 틀리는 케이스 집중 분석
- 답변 생성 프롬프트 개선 포인트 도출","1. 답변 생성 프롬프트 개선
2. 튜닝 모델 평가 (264건)
--
1. TC 70.5% → 80%+: 법률 용어/약관 구조 직접 학습으로 답변 정확성 향상
2. 문서 찾았으나 오답인 케이스 해결 방안
- 검색은 성공하나 LLM 전환 실패 → 모델 튜닝 직접 효과 영역","03월 13일","03월 20일","","API 입력값에 약관 Id가 같이 들어올 수 있도록 AI CSR과 논의 요청"
"2026-03-13","14","답변","멀티턴 답변","","","","멀티턴 테스트 환경 구성","1. 멀티턴 테스트 실행
- 대화 맥락 유지 능력 확보: 모델 튜닝 시 멀티턴 대화 데이터 포함 가능","03월 13일","03월 20일","",""
"2026-03-13","15","답변","예측질의 답변","","","","1. 학습 및 검증세트 수급","","03월 13일","03월 20일","","예측질의 학습 질답 세트 제공 요청"
"2026-03-13","16","답변","유도질의 답변","","","","1. 학습 및 검증세트 수급","","03월 13일","03월 20일","","유도질의 학습 질답 세트 제공 요청"
"2026-03-20","7","답변","공통","TopK, 검색방식, 답변 프롬프트 등
공통 적용 항목","","","1. SFT 최적 모델 확정 (LlamaFactory)
  - LlamaFactory 기반 SFT 최적 모델 확정: SFT v10 (71.7%), SFT v12 (74.4%)
  - 짧은 정답(50자 미만) 제거로 소답 유발 패턴 차단 적용 완료
  - Unsloth는 MoE 구조 호환 이슈로 LlamaFactory 단일 프레임워크 확정
2. KTO/DPO(선호도 학습) 학습 실험
  - DPO 3회 + KTO 3회 실험 완료
  - 정답-오답 쌍 데이터 활용, 기본모델 대비 추가 개선 미관찰 → 알고리즘 특성 파악 완료
3. SimPO 실험
  - SimPO 10회 실험 수행
  - 최적 설정에서 76.3% — 기본모델(71.0%) 대비 +5.3%p
  - 94쌍 데이터 + ga=4 + gamma=1.0 + epoch=1 조합이 최적 지점임을 확인
  - 추가 IPO 5회 실험 수행, IPO 최적 설정 73.7% 
    — SimPO와 상호 보완되는 고유 교정 22건 확보
4. 카테고리 전수 평가
  - 모든 실험에 대해 교정/회귀 매트릭스 + Grade 변화 분석
5. 튜닝 전후 비교 테스트
  - LLM 전환율: 71.0% → 76.3% (+5.3%p, 목표 85%+ 대비 진행 중)
  - 오답률: 20.9% → 20.2% (목표 15% 이하 대비 진행 중)
  - 소답률: 6.0% → 3.6% (목표 1.5% 대비 개선 중)
  - 과답률: 2.1% → 0.0%
  - MoE Expert 도메인 특화: LoRA rank16 (활성 파라미터 1.6%) 범위 내 안전 학습 확인","1. ORPO/Hinge 알고리즘 실험 착수
2. 최적 알고리즘 선정 후 타 카테고리 확장 적용 검토
3. RAG 검색 개선 착수
   - Hybrid Search + Reranker + 청크 최적화
   - Query Expansion 테스트
   - Context Refinement: LLM 스코어링 → 상위 1~3개 필터 테스트","03월 20일","03월 27일","",""
"2026-03-20","8","답변","업무 매뉴얼","","","","1. SFT 결과 기반 DPO 페어 데이터 생성
  - SFT 최적 모델 전수테스트 결과에서 정답-오답 쌍 94쌍 생성
  - 데이터 확장(199쌍, 114쌍) 대비 소규모 고품질(94쌍) 효과적임을 비교 실험으로 확인
2. DPO/SimPO/IPO 선호도 학습 실행
  - DPO 3회 → SimPO/IPO로 전환하여 실험 수행
  - SimPO 최적 설정: 76.3% — 교정 78건, 회귀 41건, 순효과 +37건
  - IPO 최적 설정: 73.7% — SimPO와 43건씩 서로 다른 케이스 맞춤, 상호 보완 확인
3. 튜닝 모델 704건 전수 평가
  - 전수 테스트 수행, 교정/회귀 분석 완료
4. Base vs Tuned 비교
  - SimPO vs IPO 교차 분석: 동일 정답 수이나 43건씩 다른 케이스 → 앙상블 가능성 확인
  - IPO 고유 교정 22건 식별 (SimPO와 상호 보완 영역)
5. LLM 전환율 개선 현황
  - 기본모델 71.0% → 76.3% (+5.3%p, 목표 85%+ 대비 진행 중)
  - 오답 147건 → 142건 (−5건),
    소답 42건 → 25건 (−17건), 과답 15건 → 0건 (완전 해소)","1. ORPO/Hinge 알고리즘 학습 + 전수테스트
2. 최적 모델 확정 후 타 카테고리 확장 적용 여부 결정
3. Context Refinement + 튜닝 시너지 검증
  - CR 파이프라인이 상위 청크만 필터 
    → 튜닝 모델이 정제된 컨텍스트에서 정확 답변 생성","03월 20일","03월 27일","","27개 도메인 분류 중 22개 분류만 데이터 적재 시 메타로 사용되어서 5개는 현재 제외해서 검색을 해야함"
"2026-03-20","9","답변","PC 매뉴얼","","","","1. 미매칭 케이스 원인 분석
- 문서 미검색 vs 다른 문서 매칭 유형 분류
- Reference 정확성 재검증
- 정답지 데이터에 없던 항목의 Reference 확인

2. 튜닝 전후 비교 테스트
- PC 739건 전수 비교: 77.5% → 77.5% (변동 없음)
- 문서명 매칭 기반 평가로 LLM 답변 품질과 무관","1. PC 카테고리 SFT 포함 평가
2. 미매칭 케이스(22.5%) 원인 분류로 검색 품질 개선 방향 도출
  - 문서 미검색 vs 매칭 오류 구분으로 검수 테스트","03월 20일","03월 27일","",""
"2026-03-20","10","답변","상담스크립트","","","","1. 매칭 케이스 실제 정답 분석
  - 문서 매칭은 되었으나 정답 여부 유형 분류

2. 튜닝 전후 비교 테스트
  - CS 296건 전수 비교: 69.3% → 69.3% (변동 없음)
  - 문서명 매칭 기반 평가로 튜닝 영향 없음

3. 골든셋 검수
  - 7건 수동 검수: 정답 청크 확인 완료
  - 참조 문서의 청크ID 매핑이 3건 미완성","1. CS 골든셋 청크ID 매핑 완료 (3건)
2. 문서 매칭 성공 케이스 중 실제 답변 정확도 별도 분석","03월 20일","03월 27일","",""
"2026-03-20","11","답변","상품매뉴얼","","","","1. 실패 케이스 유형 분류
  - 검색 실패 (문서를 못 찾는 경우) 
  - 답변 생성 오류 (문서는 찾았으나 답변이 틀린 경우)

2. 답변 생성 프롬프트 개선 검토

3. 튜닝 전후 비교 테스트
  - BM 300건 전수 비교: 69.7% → 62.0% (−7.7%p 하락)
  - 정답 23건 감소

4. 골든셋 검수
  - 14건 수동 검수: 2건 숫자/문자 불일치","1. 실패 케이스 유형 분류
  - 검색 실패 (문서를 못 찾는 경우) 
  - 답변 생성 오류 (문서는 찾았으나 답변이 틀린 경우)

2. 답변 생성 프롬프트 개선 검토

3. 튜닝 전후 비교 테스트
  - 보험 약관 기반 정확 답변 생성 능력 강화
  - 실패 유형 분류로 정밀 대응: 검색 실패(인덱스/청크 문제)와 답변 생성 오류(LLM 능력 문제) 구분하여 각각 최적 해결","03월 20일","03월 27일","",""
"2026-03-20","12","답변","사업방법서","","","","1. 실패 케이스 유형 분류
- 검색 실패 (문서를 못 찾는 경우) 
- 답변 생성 오류 (문서는 찾았으나 답변이 틀린 경우)
2. 답변 생성 프롬프트 개선 검토","1. 실패 케이스 유형 분류
  - 검색 실패 (문서를 못 찾는 경우) 
  - 답변 생성 오류 (문서는 찾았으나 답변이 틀린 경우)

2. 답변 생성 프롬프트 개선 검토

3. 튜닝 전후 비교 테스트
  - 보험 약관 기반 정확 답변 생성 능력 강화
  - 실패 유형 분류로 정밀 대응: 검색 실패(인덱스/청크 문제)와 답변 생성 오류(LLM 능력 문제) 구분하여 각각 최적 해결","03월 20일","03월 27일","",""
"2026-03-20","13","답변","약관","","","","1. 답변 품질 개선 분석
  - 답변 생성 프롬프트 개선 포인트 도출
  - 검색 정확도 97.0% (최고)이나 답변 정확도 70.5%
  - 문서는 찾으나 답변 생성 실패가 주된 원인, 케이스 집중 분석

2. 튜닝 전후 비교 테스트
  - TC 264건 전수 비교: 70.5% → 57.2% (−13.3%p, 최대 하락폭)
  - 정답 35건 감소, 오답 31건 증가

3. 골든셋 검수
  - 16건 수동 검수: 5건 명확 불일치 발견
  - ""간편심사"" 상품 약관 색인 미등록 (3건)
  - ""암 정의"" 질문 청크 오매핑 (2건)","1. 답변 생성 프롬프트 개선

2. 튜닝 전후 비교 테스트
  - 법률 용어/약관 구조 직접 학습 실험
  - 문서 찾았으나 오답인 케이스 집중 분석
  - 검색은 성공하나 LLM 전환 실패 → 모델 튜닝 직접 효과 영역","03월 20일","03월 27일","","API 입력값에 약관 Id가 같이 들어올 수 있도록 AI CSR과 논의 요청"
"2026-03-20","14","답변","멀티턴 답변","","","","멀티턴 테스트 환경 구성","1. 멀티턴 테스트 실행
- 대화 맥락 유지 능력 확보: 모델 튜닝 시 멀티턴 대화 데이터 포함 가능","03월 20일","03월 27일","",""
"2026-03-20","15","답변","예측질의 답변","","","","1. 학습 및 검증세트 수급","","03월 20일","03월 27일","","예측질의 학습 질답 세트 제공 요청"
"2026-03-20","16","답변","유도질의 답변","","","","1. 학습 및 검증세트 수급","","03월 20일","03월 27일","","유도질의 학습 질답 세트 제공 요청"
"2026-03-27","7","답변","공통","TopK, 검색방식, 답변 프롬프트 등
공통 적용 항목","","","1. ORPO/Hinge 알고리즘 실험 착수
2. 최적 알고리즘 선정 후 타 카테고리 확장 적용 검토
3. RAG 검색 개선 착수
   - Hybrid Search + Reranker + 청크 최적화
   - Query Expansion 테스트
   - Context Refinement: LLM 스코어링 → 상위 1~3개 필터 테스트","","03월 27일","04월 03일","",""
"2026-03-27","8","답변","업무 매뉴얼","","","","1. ORPO/Hinge 알고리즘 학습 + 전수테스트
2. 최적 모델 확정 후 타 카테고리 확장 적용 여부 결정
3. Context Refinement + 튜닝 시너지 검증
  - CR 파이프라인이 상위 청크만 필터 
    → 튜닝 모델이 정제된 컨텍스트에서 정확 답변 생성","","03월 27일","04월 03일","","27개 도메인 분류 중 22개 분류만 데이터 적재 시 메타로 사용되어서 5개는 현재 제외해서 검색을 해야함"
"2026-03-27","9","답변","PC 매뉴얼","","","","1. PC 카테고리 SFT 포함 평가
2. 미매칭 케이스(22.5%) 원인 분류로 검색 품질 개선 방향 도출
  - 문서 미검색 vs 매칭 오류 구분으로 검수 테스트","","03월 27일","04월 03일","",""
"2026-03-27","10","답변","상담스크립트","","","","1. CS 골든셋 청크ID 매핑 완료 (3건)
2. 문서 매칭 성공 케이스 중 실제 답변 정확도 별도 분석","","03월 27일","04월 03일","",""
"2026-03-27","11","답변","상품매뉴얼","","","","1. 실패 케이스 유형 분류
  - 검색 실패 (문서를 못 찾는 경우) 
  - 답변 생성 오류 (문서는 찾았으나 답변이 틀린 경우)

2. 답변 생성 프롬프트 개선 검토

3. 튜닝 전후 비교 테스트
  - 보험 약관 기반 정확 답변 생성 능력 강화
  - 실패 유형 분류로 정밀 대응: 검색 실패(인덱스/청크 문제)와 답변 생성 오류(LLM 능력 문제) 구분하여 각각 최적 해결","","03월 27일","04월 03일","",""
"2026-03-27","12","답변","사업방법서","","","","1. 실패 케이스 유형 분류
  - 검색 실패 (문서를 못 찾는 경우) 
  - 답변 생성 오류 (문서는 찾았으나 답변이 틀린 경우)

2. 답변 생성 프롬프트 개선 검토

3. 튜닝 전후 비교 테스트
  - 보험 약관 기반 정확 답변 생성 능력 강화
  - 실패 유형 분류로 정밀 대응: 검색 실패(인덱스/청크 문제)와 답변 생성 오류(LLM 능력 문제) 구분하여 각각 최적 해결","","03월 27일","04월 03일","",""
"2026-03-27","13","답변","약관","","","","1. 답변 생성 프롬프트 개선

2. 튜닝 전후 비교 테스트
  - 법률 용어/약관 구조 직접 학습 실험
  - 문서 찾았으나 오답인 케이스 집중 분석
  - 검색은 성공하나 LLM 전환 실패 → 모델 튜닝 직접 효과 영역","","03월 27일","04월 03일","","API 입력값에 약관 Id가 같이 들어올 수 있도록 AI CSR과 논의 요청"
"2026-03-27","14","답변","멀티턴 답변","","","","1. 멀티턴 테스트 실행
- 대화 맥락 유지 능력 확보: 모델 튜닝 시 멀티턴 대화 데이터 포함 가능","","03월 27일","04월 03일","",""
"2026-03-27","15","답변","예측질의 답변","","","","","","03월 27일","04월 03일","","예측질의 학습 질답 세트 제공 요청"
"2026-03-27","16","답변","유도질의 답변","","","","","","03월 27일","04월 03일","","유도질의 학습 질답 세트 제공 요청"
